Continent,Region,Country,CRIMINALITY,CRIMINAL MARKETS,Human trafficking,Human smuggling,Arms trafficking,Flora crimes,Fauna crimes,Non-renewable resource crimes,Heroin trade,Cocaine trade,Cannabis trade,Synthetic drug trade,CRIMINAL ACTORS,Mafia-style groups,Criminal networks,State-embedded actors,Foreign actors,RESILIENCE,Political leadership and governance,Government transparency and accountability,International cooperation,National policies and laws,Judicial system and detention,Law enforcement,Territorial integrity,Anti-money laundering,Economic regulatory capacity,Victim and witness support,Prevention,Non-state actors,sids_category
Asia,Southern Asia,Afghanistan,7.08,6.90,8.5,8.0,8.5,6.0,4.0,8.0,9.5,1.0,7.0,8.5,7.25,7.5,8.5,9.0,4.0,2.67,3.0,2.5,3.0,3.0,2.0,3.0,3.0,3.0,3.5,2.0,2.0,2.0,non_sids
Europe,Central & Eastern Europe,Albania,5.63,5.25,5.0,6.5,4.5,4.5,3.5,5.5,6.0,7.0,7.0,3.0,6.00,7.0,7.5,7.0,2.5,5.04,5.5,4.5,6.5,6.0,5.0,5.5,5.5,4.0,4.0,4.5,5.0,4.5,non_sids
Africa,North Africa,Algeria,4.51,4.65,4.5,6.5,5.0,2.0,4.5,6.5,2.0,3.5,6.5,5.5,4.38,1.0,5.0,7.0,4.5,4.63,4.5,4.0,5.0,6.0,4.0,6.0,6.5,4.5,4.5,3.0,4.0,3.5,non_sids
Europe,Western Europe,Andorra,2.96,2.55,2.5,3.0,3.0,1.0,1.0,3.5,2.0,3.5,4.5,1.5,3.38,1.0,4.0,1.5,7.0,7.75,7.0,7.0,8.0,8.0,8.0,8.0,8.0,6.0,8.0,8.5,8.0,8.5,non_sids
Africa,Central Africa,Angola,5.29,5.20,6.0,4.0,6.0,7.0,4.5,8.5,3.0,6.0,4.5,2.5,5.38,3.0,5.5,8.0,5.0,4.42,5.0,4.5,5.0,5.0,3.5,4.5,6.0,5.0,4.0,4.0,3.5,3.0,non_sids
Americas,Caribbean,Antigua and Barbuda,3.34,3.05,4.0,2.0,3.0,1.0,3.5,1.5,3.0,6.0,5.0,1.5,3.63,3.0,3.0,3.0,5.5,4.33,4.5,5.0,5.0,5.0,3.0,4.0,4.0,2.5,5.0,4.0,4.5,5.5,sids
Americas,South America,Argentina,4.38,3.75,4.0,3.0,3.0,3.0,3.5,3.0,2.0,6.5,6.5,3.0,5.00,4.0,6.0,5.0,5.0,6.33,7.0,5.0,6.0,7.0,6.0,6.5,6.0,7.0,6.0,6.0,5.5,8.0,non_sids
Asia,Central Asia and the Caucasus,Armenia,3.26,3.40,3.5,2.0,2.5,4.0,4.5,3.5,4.0,2.0,4.0,4.0,3.13,3.0,3.0,3.5,3.0,5.71,6.0,6.0,6.5,6.0,4.5,6.0,5.5,6.0,5.5,5.5,5.0,6.0,non_sids
Oceania,Australia and New Zealand,Australia,4.00,3.75,3.5,3.0,3.5,3.0,3.5,2.0,3.5,5.0,3.5,7.0,4.25,5.0,6.0,2.0,4.0,7.96,8.0,8.5,9.0,8.0,8.0,8.0,9.0,7.0,7.0,7.5,7.5,8.0,non_sids
Europe,Western Europe,Austria,4.04,3.95,4.5,5.0,6.5,2.0,2.5,2.0,4.5,3.5,4.5,4.5,4.13,2.0,4.0,4.0,6.5,7.42,7.0,6.5,7.0,8.0,8.0,8.5,8.0,6.0,7.0,8.0,8.0,7.0,non_sids
Asia,Central Asia and the Caucasus,Azerbaijan,5.08,4.15,4.5,3.0,3.0,3.5,3.5,6.0,6.0,3.0,5.0,4.0,6.00,5.5,5.5,7.5,5.5,4.08,3.5,3.5,5.5,4.0,2.5,4.0,5.0,4.5,4.0,4.0,5.0,3.5,non_sids
Americas,Caribbean,Bahamas,3.79,3.95,4.5,5.0,4.5,1.0,4.5,2.0,4.0,7.0,4.0,3.0,3.63,3.5,2.0,3.0,6.0,5.21,6.0,6.0,6.0,6.0,3.5,6.0,5.0,4.5,4.0,6.5,5.0,4.0,sids
Asia,Western Asia,Bahrain,4.83,5.65,7.5,5.5,5.5,4.0,6.0,6.5,5.0,4.0,6.0,6.5,4.00,1.0,6.0,4.0,5.0,5.54,6.0,5.0,7.0,5.5,5.0,5.0,6.5,5.5,6.0,5.5,5.5,4.0,sids
Asia,Southern Asia,Bangladesh,4.98,4.95,8.0,6.0,5.0,4.0,5.0,3.5,4.5,3.0,4.0,6.5,5.00,5.5,5.5,7.0,2.0,4.13,3.5,4.0,5.5,5.0,3.0,4.0,5.0,4.5,3.5,3.5,4.0,4.0,non_sids
Americas,Caribbean,Barbados,3.21,2.55,3.5,2.0,4.0,1.0,1.0,2.0,1.0,5.5,4.5,1.0,3.88,5.0,4.5,4.0,2.0,5.71,5.5,7.0,7.0,6.0,4.5,6.5,6.0,5.0,3.5,5.5,6.0,6.0,sids
Europe,Central & Eastern Europe,Belarus,5.08,4.40,7.0,5.5,6.5,3.0,2.0,5.0,4.0,2.0,4.0,5.0,5.75,4.0,5.0,9.0,5.0,3.79,3.5,2.0,3.0,4.0,3.0,5.0,4.5,4.5,5.0,3.0,5.0,3.0,non_sids
Europe,Western Europe,Belgium,4.34,5.05,5.0,5.5,5.5,2.5,3.5,3.0,4.0,7.5,6.5,7.5,3.63,3.0,4.5,2.0,5.0,7.00,7.0,7.0,8.0,7.0,6.0,7.0,6.0,7.0,7.0,7.5,6.5,8.0,non_sids
Americas,Central America,Belize,4.64,4.40,5.0,5.0,4.5,5.5,4.5,3.0,3.5,4.5,5.5,3.0,4.88,6.5,3.5,4.5,5.0,3.13,5.0,2.5,3.0,3.0,4.0,4.5,2.0,2.0,1.5,3.0,3.0,4.0,sids
Africa,West Africa,Benin,5.25,5.25,6.0,4.0,5.5,6.0,5.5,5.0,4.5,6.0,4.0,6.0,5.25,1.0,6.0,6.0,8.0,3.54,4.0,4.5,4.0,3.0,3.0,4.0,3.5,3.0,4.0,3.0,2.0,4.5,non_sids
Asia,Southern Asia,Bhutan,3.69,3.75,5.0,3.0,2.0,7.0,5.5,4.5,2.0,1.5,4.0,3.0,3.63,4.0,3.5,3.0,4.0,4.58,6.0,6.0,4.5,4.5,5.5,5.0,3.5,4.0,5.0,3.5,4.0,3.5,non_sids
Americas,South America,Bolivia,4.30,4.60,5.0,2.0,4.0,7.0,5.0,8.0,2.0,8.5,2.5,2.0,4.00,3.5,2.0,6.0,4.5,4.88,5.0,4.0,5.0,6.0,3.5,5.0,5.0,4.5,5.0,5.0,6.0,4.5,non_sids
Europe,Central & Eastern Europe,Bosnia and Herzegovina,5.89,5.15,5.5,7.0,6.0,4.5,4.0,3.0,6.0,4.5,5.5,5.5,6.63,4.0,6.5,8.0,8.0,3.92,3.0,4.0,5.0,4.0,3.5,3.5,4.0,4.0,3.5,4.0,4.0,4.5,non_sids
Africa,Southern Africa,Botswana,3.71,3.80,4.5,3.0,3.0,2.0,7.5,3.5,3.5,3.5,4.0,3.5,3.63,1.0,5.5,3.0,5.0,5.63,6.0,5.0,8.0,6.0,6.5,5.0,5.0,4.5,5.5,5.5,4.5,6.0,non_sids
Americas,South America,Brazil,6.50,6.50,5.0,4.0,8.0,8.5,8.5,8.0,2.0,9.0,8.0,4.0,6.50,7.5,6.5,8.5,3.5,5.04,3.0,4.5,7.5,4.5,3.0,5.0,5.5,6.0,6.0,5.0,4.0,6.5,non_sids
Asia,South-Eastern Asia,Brunei,2.76,3.15,4.5,4.0,2.5,3.0,4.0,2.0,2.5,1.5,3.5,4.0,2.38,1.0,2.5,2.0,4.0,4.58,4.0,4.0,4.5,4.5,4.0,5.0,5.5,5.5,6.5,3.5,4.5,3.5,non_sids
Europe,Central & Eastern Europe,Bulgaria,5.43,5.10,6.0,5.0,3.5,5.5,5.0,5.0,6.0,4.0,5.0,6.0,5.75,4.5,6.5,7.5,4.5,5.29,4.5,5.0,6.5,6.0,5.5,5.5,6.5,6.0,4.5,4.5,5.0,4.0,non_sids
Africa,West Africa,Burkina Faso,5.49,5.35,6.0,4.0,8.0,4.0,6.0,8.5,4.0,4.0,3.0,6.0,5.63,3.5,6.5,6.5,6.0,3.63,3.5,4.0,5.5,5.0,4.0,3.0,3.0,3.0,3.0,2.5,2.0,5.0,non_sids
Africa,Central Africa,Burundi,4.51,4.40,8.5,5.5,8.0,2.0,4.5,4.0,3.0,2.5,3.5,2.5,4.63,1.0,4.5,9.0,4.0,2.08,2.5,1.0,1.5,2.5,2.5,1.5,3.0,2.0,2.0,1.5,2.5,2.5,non_sids
Africa,West Africa,Cabo Verde,4.04,3.70,4.5,2.0,2.5,2.5,4.0,1.0,4.0,7.0,5.0,4.5,4.38,2.5,4.0,4.0,7.0,6.33,6.5,6.0,8.5,7.0,7.0,6.0,7.5,5.0,6.0,3.5,6.0,7.0,sids
Asia,South-Eastern Asia,Cambodia,5.83,6.15,7.5,6.5,5.0,8.0,8.0,8.0,4.0,2.5,4.5,7.5,5.50,2.5,4.0,8.5,7.0,3.92,4.5,3.5,5.0,4.5,4.0,4.5,4.5,4.0,4.0,3.0,3.0,2.5,non_sids
Africa,Central Africa,Cameroon,6.31,6.25,6.5,5.5,6.5,7.0,7.5,7.5,4.5,3.5,7.0,7.0,6.38,4.0,7.5,8.0,6.0,3.13,2.0,1.5,5.0,4.5,2.5,4.0,2.0,3.5,2.5,2.5,2.5,5.0,non_sids
Americas,North America,Canada,3.66,3.45,3.5,4.0,2.5,2.0,3.0,3.0,5.0,3.5,3.0,5.0,3.88,5.0,4.0,2.0,4.5,7.25,7.5,7.0,8.0,8.0,7.0,7.0,6.0,6.5,7.5,8.5,6.0,8.0,non_sids
Africa,Central Africa,Central African Republic,7.04,5.70,7.5,4.5,8.5,6.5,8.0,9.0,1.5,1.5,3.0,7.0,8.38,9.0,8.0,8.5,8.0,1.92,1.5,1.5,3.0,2.5,2.0,1.5,1.5,2.0,1.5,3.0,1.0,2.0,non_sids
Africa,Central Africa,Chad,5.86,5.35,7.0,7.0,8.0,1.5,3.5,7.0,2.0,4.5,6.0,7.0,6.38,5.5,6.5,8.5,5.0,2.46,3.5,2.5,5.0,2.5,2.0,2.5,3.5,2.0,2.0,1.0,1.0,2.0,non_sids
Americas,South America,Chile,4.60,4.45,4.0,4.5,5.5,4.0,4.5,2.0,2.0,7.0,6.5,4.5,4.75,4.0,5.5,4.5,5.0,6.42,7.0,7.0,8.0,6.0,6.0,4.0,4.0,6.5,7.0,7.0,6.5,8.0,non_sids
Asia,Eastern Asia,China,6.01,5.90,6.5,6.0,2.5,8.5,9.0,4.5,6.5,3.5,4.0,8.0,6.13,7.0,7.5,7.0,3.0,5.46,6.0,4.0,6.0,7.0,5.0,5.5,7.0,6.0,7.0,4.0,6.0,2.0,non_sids
Americas,South America,Colombia,7.66,7.20,7.5,7.0,8.0,6.0,7.0,9.0,5.0,9.5,8.0,5.0,8.13,9.5,9.0,7.0,7.0,5.83,7.0,5.5,9.0,7.0,5.5,6.0,4.5,6.0,5.0,3.5,4.5,6.5,non_sids
Africa,Southern Africa,Comoros,3.86,3.85,5.0,5.5,3.5,3.0,5.5,1.0,4.0,2.0,3.0,6.0,3.88,1.0,4.5,6.0,4.0,2.38,2.0,2.0,3.0,2.5,2.0,2.0,3.0,4.0,3.0,1.5,1.5,2.0,sids
Africa,Central Africa,"Congo, Dem. Rep.",7.75,6.50,7.0,5.5,9.0,8.5,8.0,9.0,4.0,4.5,7.0,2.5,9.00,9.0,9.0,9.0,9.0,2.29,1.0,1.0,4.0,3.0,2.5,1.5,2.0,2.0,1.5,2.0,2.0,5.0,non_sids
Africa,Central Africa,"Congo, Rep.",5.03,4.80,6.5,4.5,5.0,8.0,7.0,3.5,2.5,5.0,4.0,2.0,5.25,3.0,6.0,8.0,4.0,3.25,3.0,1.5,5.0,5.0,2.0,4.5,3.0,3.0,3.0,2.0,4.0,3.0,non_sids
Americas,Central America,Costa Rica,4.99,4.85,5.0,5.0,5.0,5.0,6.0,6.5,1.0,7.0,4.5,3.5,5.13,6.5,6.0,1.5,6.5,5.50,7.0,6.5,6.0,6.5,5.0,5.0,5.0,4.0,4.5,5.0,5.0,6.5,non_sids
Africa,West Africa,Côte d'Ivoire,6.15,6.05,6.5,6.5,7.0,6.0,6.5,7.5,3.5,5.0,6.0,6.0,6.25,3.0,7.0,7.0,8.0,4.42,4.5,4.0,6.0,4.5,5.5,5.0,4.0,5.0,3.5,3.5,3.0,4.5,non_sids
Europe,Central & Eastern Europe,Croatia,5.06,4.75,4.5,6.0,3.5,5.0,2.5,4.5,5.0,5.5,5.5,5.5,5.38,4.0,6.5,6.5,4.5,5.58,5.0,5.5,6.5,6.0,5.0,6.0,6.5,6.5,4.5,5.5,5.0,5.0,non_sids
Americas,Caribbean,Cuba,3.44,4.00,6.0,6.0,1.5,4.0,3.0,4.0,2.5,4.0,5.0,4.0,2.88,4.0,2.5,4.0,1.0,5.38,6.5,2.5,6.5,6.0,3.0,7.0,8.0,5.5,5.5,4.0,7.0,3.0,sids
Europe,Southern Europe,Cyprus,4.19,3.50,5.5,6.0,2.5,2.5,3.0,2.0,2.0,4.5,4.0,3.0,4.88,3.5,5.0,4.0,7.0,4.42,5.0,5.0,6.5,6.0,4.0,5.5,3.0,3.0,3.5,4.0,3.5,4.0,non_sids
Europe,Central & Eastern Europe,Czech Republic,4.63,4.75,5.0,5.0,4.5,3.0,5.5,3.0,4.5,4.5,6.0,6.5,4.50,3.0,5.0,5.5,4.5,6.25,6.0,5.5,7.0,6.5,6.5,7.0,7.0,6.0,6.0,5.5,6.0,6.0,non_sids
Europe,Northern Europe,Denmark,3.86,3.85,4.0,4.5,4.0,1.5,2.0,2.0,5.0,5.5,5.0,5.0,3.88,5.0,4.0,2.0,4.5,8.21,9.0,9.0,8.5,9.0,7.5,8.0,8.5,5.5,8.5,7.5,8.5,9.0,non_sids
Africa,East Africa,Djibouti,3.99,3.60,6.0,7.0,6.0,2.0,4.0,2.0,2.5,1.5,3.5,1.5,4.38,1.5,5.0,5.0,6.0,4.50,4.5,3.0,6.5,5.5,4.0,4.0,6.0,5.0,5.5,3.0,4.0,3.0,non_sids
Americas,Caribbean,Dominica,2.63,2.75,2.5,2.5,5.0,1.0,1.0,1.0,1.0,6.0,5.0,2.5,2.50,1.0,5.0,1.5,2.5,5.08,3.5,4.0,6.0,5.0,5.0,5.5,6.0,5.0,5.0,5.0,6.0,5.0,non_sids
Americas,Caribbean,Dominican Republic,5.15,5.30,6.0,6.0,4.0,4.5,4.0,4.5,6.5,8.0,5.0,4.5,5.00,5.0,5.5,5.5,4.0,4.67,5.0,3.0,7.0,5.0,4.0,4.5,5.5,4.0,5.0,4.0,4.0,5.0,sids
Americas,South America,Ecuador,6.25,6.00,6.0,5.5,7.5,6.0,6.0,6.5,6.0,7.0,4.0,5.5,6.50,6.5,5.5,6.5,7.5,5.71,5.0,5.5,6.0,6.5,5.5,6.0,4.5,7.0,5.5,5.0,5.0,7.0,non_sids
Africa,North Africa,Egypt,5.16,4.95,5.5,5.5,7.0,1.0,5.0,4.0,5.5,2.0,7.0,7.0,5.38,3.0,5.5,8.0,5.0,4.04,3.5,3.0,4.5,4.5,3.5,5.0,6.0,6.0,4.5,3.0,2.5,2.5,non_sids
Americas,Central America,El Salvador,5.94,5.00,7.0,6.5,7.0,5.0,5.5,1.5,1.5,7.0,7.0,2.0,6.88,9.5,6.5,7.0,4.5,3.71,2.5,3.0,5.5,5.0,2.0,3.0,5.0,4.0,2.0,4.0,4.5,4.0,non_sids
Africa,Central Africa,Equatorial Guinea,4.11,3.85,4.5,2.0,5.0,8.5,5.0,6.0,1.5,1.5,3.5,1.0,4.38,1.0,2.5,9.0,5.0,2.17,1.5,1.0,2.0,5.5,2.0,2.0,3.5,2.0,1.5,1.5,1.5,2.0,non_sids
Africa,East Africa,Eritrea,4.34,4.05,9.0,9.5,6.5,1.5,2.0,2.0,3.0,1.5,4.0,1.5,4.63,1.0,5.5,9.5,2.5,2.33,1.0,1.0,2.0,2.5,2.0,3.0,7.0,3.0,2.5,1.0,2.0,1.0,non_sids
Europe,Northern Europe,Estonia,3.60,3.45,4.5,3.0,3.0,1.5,1.5,3.0,3.0,3.5,5.0,6.5,3.75,3.0,5.0,2.0,5.0,7.83,8.0,8.0,8.5,8.0,8.0,7.0,8.0,7.5,8.0,7.5,8.0,7.5,non_sids
Africa,Southern Africa,Eswatini,3.63,3.25,4.0,3.0,4.0,2.0,2.0,3.0,3.0,3.0,5.5,3.0,4.00,1.5,5.5,5.0,4.0,3.25,3.0,2.5,5.0,4.0,2.5,3.0,3.5,4.0,2.0,3.0,4.0,2.5,non_sids
Africa,East Africa,Ethiopia,4.79,4.95,6.0,6.5,7.0,3.5,5.5,5.5,3.0,4.0,5.5,3.0,4.63,2.0,6.5,4.0,6.0,5.38,5.0,5.0,6.0,6.0,5.0,4.0,6.0,7.0,6.0,4.5,5.0,5.0,non_sids
Oceania,Melanesia,Fiji,3.90,3.80,5.0,3.5,2.0,3.0,4.5,2.0,2.0,4.5,5.0,6.5,4.00,1.0,6.5,3.0,5.5,5.25,6.0,5.5,5.0,5.5,4.5,5.0,4.5,6.0,6.0,4.0,5.0,6.0,sids
Europe,Northern Europe,Finland,2.71,2.80,3.0,2.5,2.5,1.0,1.5,2.0,3.5,4.0,3.5,4.5,2.63,3.0,3.0,1.5,3.0,8.42,9.0,8.5,9.0,8.0,8.0,8.0,9.0,8.5,9.0,8.0,8.0,8.0,non_sids
Europe,Western Europe,France,5.66,5.70,6.0,6.5,6.0,4.0,5.5,4.5,6.0,6.5,6.5,5.5,5.63,6.0,6.5,3.0,7.0,6.83,6.0,7.0,8.5,7.5,6.5,7.0,5.0,8.0,8.0,5.0,6.5,7.0,non_sids
Africa,Central Africa,Gabon,4.90,4.80,5.5,5.5,4.5,8.5,7.0,3.0,2.5,2.5,4.0,5.0,5.00,1.0,5.0,8.0,6.0,3.17,2.0,2.0,5.0,4.0,3.0,4.5,4.5,2.0,2.0,3.0,3.5,2.5,non_sids
Africa,West Africa,Gambia,4.83,5.15,7.0,5.0,2.5,7.0,3.5,4.5,4.5,6.5,7.0,4.0,4.50,1.0,6.5,6.5,4.0,5.00,5.0,5.0,4.5,5.0,5.0,5.5,6.5,5.5,5.5,2.5,3.5,6.5,non_sids
Asia,Central Asia and the Caucasus,Georgia,2.96,3.05,3.5,2.0,2.0,3.5,3.5,3.0,3.5,2.0,3.5,4.0,2.88,2.5,3.0,3.0,3.0,5.71,5.0,6.5,7.0,6.5,3.5,6.5,5.0,5.0,5.0,7.0,5.5,6.0,non_sids
Europe,Western Europe,Germany,4.90,4.80,5.5,7.0,6.0,1.5,3.5,2.5,4.5,6.5,5.0,6.0,5.00,5.0,6.5,2.0,6.5,7.67,7.0,7.5,8.0,8.0,7.5,7.5,9.0,6.5,7.0,8.0,8.0,8.0,non_sids
Africa,West Africa,Ghana,6.01,6.15,6.5,5.0,5.0,6.5,6.0,7.5,6.0,6.5,5.5,7.0,5.88,3.0,6.5,7.5,6.5,5.38,5.5,5.5,6.5,5.0,5.0,4.5,6.0,6.0,6.0,3.5,4.0,7.0,non_sids
Europe,Southern Europe,Greece,4.93,4.10,5.5,7.5,3.5,2.0,2.5,3.0,6.0,3.5,5.0,2.5,5.75,3.0,6.5,7.5,6.0,5.25,5.5,5.0,6.5,6.0,4.5,5.0,5.5,5.5,5.5,4.0,5.0,5.0,non_sids
Americas,Caribbean,Grenada,3.05,2.85,2.0,1.0,3.0,1.0,2.5,3.0,1.0,6.5,7.0,1.5,3.25,4.0,2.0,3.0,4.0,4.67,5.0,5.0,5.0,5.0,5.0,6.0,6.0,4.0,5.0,3.0,4.0,3.0,sids
Americas,Central America,Guatemala,6.48,5.95,6.5,7.0,7.0,4.0,4.0,2.5,7.5,8.5,6.5,6.0,7.00,7.5,6.0,7.0,7.5,4.42,3.5,4.0,5.5,5.5,4.0,5.0,3.5,5.0,4.0,4.0,4.0,5.0,non_sids
Africa,West Africa,Guinea,5.20,5.15,7.0,3.0,6.0,4.5,6.0,6.5,2.5,7.0,4.5,4.5,5.25,1.0,5.0,8.0,7.0,2.83,2.0,3.0,4.0,3.5,3.0,3.5,3.0,3.0,3.0,1.5,1.5,3.0,non_sids
Africa,West Africa,Guinea-Bissau,5.45,4.90,5.5,2.5,5.5,8.5,5.5,1.0,5.0,8.0,5.5,2.0,6.00,1.0,8.0,8.5,6.5,2.42,2.0,2.5,3.0,3.0,3.0,3.0,3.0,2.5,1.5,1.0,1.5,3.0,sids
Americas,South America,Guyana,5.10,4.70,5.5,4.0,5.0,4.5,3.5,8.5,2.5,8.0,3.0,2.5,5.50,3.0,5.0,8.0,6.0,4.29,5.0,3.0,5.0,3.0,4.0,2.5,5.0,4.0,5.0,5.0,5.0,5.0,sids
Americas,Caribbean,Haiti,5.73,5.45,6.5,6.5,5.5,6.5,4.0,6.0,2.0,8.0,6.0,3.5,6.00,8.0,6.0,7.0,3.0,2.67,2.0,2.0,3.0,4.0,3.0,2.0,2.0,3.0,2.0,1.5,3.0,4.5,sids
Americas,Central America,Honduras,6.98,5.70,6.5,6.5,6.0,7.0,6.0,5.0,2.0,7.5,7.5,3.0,8.25,8.5,8.0,8.5,8.0,3.92,2.5,3.5,5.5,4.0,3.0,4.5,4.5,4.0,3.5,3.0,4.5,4.5,non_sids
Europe,Central & Eastern Europe,Hungary,4.50,4.75,6.0,6.0,3.5,3.5,4.5,3.5,4.5,5.0,5.5,5.5,4.25,1.0,4.0,7.0,5.0,5.08,4.5,3.5,5.0,5.5,5.0,6.0,7.0,5.5,4.5,4.5,6.0,4.0,non_sids
Europe,Northern Europe,Iceland,3.39,2.65,4.0,3.0,1.5,1.0,1.5,1.0,1.5,4.5,4.0,4.5,4.13,4.5,5.0,2.0,5.0,8.04,7.0,7.5,8.5,8.5,8.5,8.5,8.5,8.0,8.5,7.0,7.5,8.5,non_sids
Asia,Southern Asia,India,5.53,6.30,7.0,6.0,5.5,5.5,8.0,7.0,6.5,3.5,7.5,6.5,4.75,3.5,6.0,6.0,3.5,5.25,4.0,5.5,7.5,4.5,5.0,5.5,6.5,6.0,5.0,3.5,5.0,5.0,non_sids
Asia,South-Eastern Asia,Indonesia,6.38,6.00,6.5,6.0,4.5,7.5,8.0,7.5,3.5,4.0,6.5,6.0,6.75,6.0,7.5,7.5,6.0,4.33,4.0,3.5,5.5,5.0,3.5,4.0,4.0,4.5,4.5,5.0,4.5,4.0,non_sids
Asia,Western Asia,Iran,7.10,6.95,7.5,8.0,8.0,4.5,4.0,8.5,9.0,5.5,6.0,8.5,7.25,7.0,7.5,9.5,5.0,3.50,3.0,2.5,4.5,4.0,3.5,3.5,5.5,2.5,3.0,4.0,3.0,3.0,non_sids
Asia,Western Asia,Iraq,7.05,6.35,8.0,8.5,9.0,1.5,4.5,9.0,6.0,5.0,6.0,6.0,7.75,6.5,7.5,8.0,9.0,3.79,4.5,3.0,4.0,4.0,4.0,3.5,3.5,4.0,3.5,3.0,4.0,4.5,non_sids
Europe,Western Europe,Ireland,4.90,4.55,4.5,4.0,4.0,2.0,4.0,5.0,5.5,6.5,5.0,5.0,5.25,6.0,5.5,3.0,6.5,7.38,7.0,8.0,8.0,8.0,7.0,7.0,8.0,8.0,8.0,7.0,5.5,7.0,non_sids
Asia,Western Asia,Israel,4.41,4.20,5.5,2.5,5.5,1.5,2.0,5.5,3.0,4.5,6.5,5.5,4.63,5.5,4.0,5.0,4.0,6.00,6.0,5.0,6.0,7.0,5.0,5.5,3.5,7.0,7.0,6.0,6.0,8.0,non_sids
Europe,Southern Europe,Italy,5.81,5.25,7.0,6.5,5.5,2.5,3.5,5.5,4.5,7.5,5.0,5.0,6.38,9.0,3.0,6.5,7.0,6.29,6.5,5.0,8.5,8.0,5.0,7.5,6.5,5.5,5.0,5.5,5.5,7.0,non_sids
Americas,Caribbean,Jamaica,5.91,4.20,5.0,3.0,8.5,1.5,2.0,1.0,3.0,6.0,9.0,3.0,7.63,8.0,7.5,8.0,7.0,5.46,5.0,5.5,6.5,5.5,4.0,6.0,6.5,4.5,4.5,5.0,6.0,6.5,sids
Asia,Eastern Asia,Japan,4.53,4.05,5.0,4.5,3.0,4.0,6.0,3.0,2.0,3.0,4.5,5.5,5.00,6.5,5.5,3.0,5.0,7.46,6.0,7.5,9.0,7.5,8.0,7.5,8.5,8.0,8.0,5.5,6.0,8.0,non_sids
Asia,Western Asia,Jordan,4.71,4.55,6.5,5.5,6.5,3.5,3.5,1.5,3.5,3.0,6.0,6.0,4.88,1.5,7.0,6.5,4.5,5.92,7.0,5.0,8.0,6.5,4.5,7.0,6.0,6.5,4.0,4.5,6.5,5.5,non_sids
Asia,Central Asia and the Caucasus,Kazakhstan,4.26,4.15,5.5,4.0,2.0,2.0,5.0,4.5,6.5,2.5,4.5,5.0,4.38,3.5,4.0,6.0,4.0,4.71,5.0,4.0,5.5,5.5,5.0,4.5,5.0,5.0,5.0,4.5,4.0,3.5,non_sids
Africa,East Africa,Kenya,6.95,6.65,7.5,7.0,7.5,6.0,7.0,7.0,7.5,6.0,6.5,4.5,7.25,7.0,7.5,8.0,6.5,5.21,5.0,4.5,7.0,6.0,5.5,4.5,6.0,6.0,5.0,3.0,3.5,6.5,non_sids
Oceania,Melanesia,Kiribati,2.35,2.45,4.5,1.5,2.0,1.0,6.5,2.0,1.0,3.0,2.0,1.0,2.25,1.0,4.0,1.5,2.5,4.33,5.5,5.5,5.5,6.0,4.0,5.0,4.0,4.0,3.0,1.0,3.0,5.5,sids
Asia,Western Asia,Kuwait,5.14,6.15,8.0,6.5,6.5,5.5,6.0,6.0,5.0,4.5,6.5,7.0,4.13,1.0,6.0,6.0,3.5,5.54,5.0,4.5,6.0,5.5,5.5,6.0,5.5,5.5,6.5,5.5,5.5,5.5,non_sids
Asia,Central Asia and the Caucasus,Kyrgyzstan,5.33,4.40,6.5,4.5,3.0,2.0,3.5,5.5,7.0,2.0,5.5,4.5,6.25,5.5,6.5,8.5,4.5,4.17,3.5,3.0,4.5,5.0,3.0,3.5,4.5,3.0,5.0,4.5,5.0,5.5,non_sids
Asia,South-Eastern Asia,Laos,5.51,5.65,6.5,6.5,4.5,8.0,8.0,1.5,7.0,2.5,4.0,8.0,5.38,1.5,6.0,6.0,8.0,3.42,3.0,2.5,3.5,4.0,3.0,4.0,2.5,3.5,4.0,4.0,3.5,3.5,non_sids
Europe,Northern Europe,Latvia,3.51,3.65,4.5,3.5,3.5,1.0,2.0,2.0,4.5,5.0,5.5,5.0,3.38,3.5,3.5,2.0,4.5,7.42,7.5,6.0,8.5,8.0,7.5,7.5,8.5,5.5,8.0,7.5,7.5,7.0,non_sids
Asia,Western Asia,Lebanon,6.76,5.90,8.5,6.5,7.5,1.5,3.0,5.0,4.0,6.0,9.0,8.0,7.63,6.0,7.0,9.5,8.0,4.00,4.5,3.5,6.5,4.0,4.0,3.5,3.0,3.0,2.0,5.0,3.5,5.5,non_sids
Africa,Southern Africa,Lesotho,3.90,3.55,4.0,3.0,3.0,1.0,2.5,5.5,3.5,5.5,4.5,3.0,4.25,1.0,5.0,6.0,5.0,3.67,4.0,3.5,6.0,5.5,3.0,3.0,2.5,5.0,3.0,2.5,2.0,4.0,non_sids
Africa,West Africa,Liberia,5.05,5.10,6.0,3.0,4.5,5.5,6.0,6.5,5.0,5.5,6.0,3.0,5.00,3.0,6.0,6.0,5.0,3.17,3.5,3.0,3.0,3.0,3.5,4.0,4.0,3.0,4.0,1.0,2.0,4.0,non_sids
Africa,North Africa,Libya,6.55,6.10,9.5,8.0,9.5,1.0,3.5,8.5,2.5,4.0,7.5,7.0,7.00,8.0,7.5,8.5,4.0,1.54,1.5,1.5,2.5,2.0,1.5,1.5,1.5,1.0,2.0,1.0,1.0,1.5,non_sids
Europe,Western Europe,Liechtenstein,1.88,2.00,2.0,1.5,2.5,1.5,1.5,1.5,2.0,2.5,3.0,2.0,1.75,1.0,1.5,1.5,3.0,8.42,9.0,8.0,7.5,9.0,9.0,8.0,9.5,5.0,8.5,9.5,9.5,8.5,non_sids
Europe,Northern Europe,Lithuania,3.31,3.00,3.5,2.5,2.5,1.0,2.0,2.0,4.0,4.5,4.0,4.0,3.63,3.5,4.0,4.0,3.0,7.21,7.5,7.0,7.5,7.0,7.5,7.0,8.0,6.5,7.5,7.0,6.5,7.5,non_sids
Europe,Western Europe,Luxembourg,2.36,2.35,3.5,2.0,2.0,1.0,1.5,1.5,3.5,3.0,2.5,3.0,2.38,1.0,2.0,1.5,5.0,7.50,8.0,6.5,9.0,7.0,7.5,7.0,8.0,6.0,8.0,7.0,8.0,8.0,non_sids
Africa,Southern Africa,Madagascar,5.59,5.30,6.0,3.0,4.5,7.5,7.0,7.5,7.0,2.5,6.0,2.0,5.88,4.0,5.0,7.5,7.0,3.38,4.0,2.0,3.0,4.0,3.0,3.5,5.0,5.0,2.0,2.0,4.0,3.0,non_sids
Africa,Southern Africa,Malawi,3.83,4.15,4.5,3.5,4.5,4.0,6.0,4.0,4.5,2.5,6.0,2.0,3.50,2.0,3.0,4.0,5.0,4.29,5.0,4.5,4.5,5.5,4.0,4.0,3.0,6.0,4.0,2.0,3.5,5.5,non_sids
Asia,South-Eastern Asia,Malaysia,5.94,6.25,6.5,7.0,5.5,6.0,8.0,5.5,6.5,5.0,5.0,7.5,5.63,4.5,5.5,6.0,6.5,5.83,4.5,5.5,7.0,7.0,5.0,5.5,5.5,5.5,7.0,6.0,6.0,5.5,non_sids
Asia,Southern Asia,Maldives,4.06,3.50,6.0,5.5,2.0,1.0,5.0,1.0,6.0,3.5,3.0,2.0,4.63,5.0,5.0,4.0,4.5,3.88,5.0,5.0,5.0,5.0,3.0,4.0,3.0,3.5,3.0,2.0,3.0,5.0,sids
Africa,West Africa,Mali,5.89,6.15,7.0,6.0,8.0,5.0,5.5,7.5,3.0,6.0,7.0,6.5,5.63,3.0,7.0,8.5,4.0,2.38,2.0,3.0,4.0,2.5,2.5,2.0,1.5,2.5,2.0,1.5,2.0,3.0,non_sids
Europe,Southern Europe,Malta,4.65,4.05,5.0,4.0,2.5,1.0,5.0,5.0,3.0,5.0,4.5,5.5,5.25,1.5,7.0,7.5,5.0,5.17,4.5,4.5,7.5,6.0,4.5,4.0,4.5,4.5,6.5,7.5,4.0,4.0,non_sids
Oceania,Micronesia,Marshall Islands,2.31,2.50,4.5,2.0,1.5,1.0,6.5,1.0,1.5,2.0,2.5,2.5,2.13,1.0,2.0,2.0,3.5,5.04,5.5,4.5,5.0,6.0,6.5,4.0,5.5,4.0,6.0,3.5,4.0,6.0,sids
Africa,North Africa,Mauritania,4.38,4.00,7.5,6.0,4.0,1.0,3.5,3.5,1.5,4.5,6.5,2.0,4.75,2.5,4.5,7.0,5.0,3.08,4.0,3.5,3.0,3.5,2.5,3.0,4.5,4.0,3.0,1.5,2.0,2.5,non_sids
Africa,Southern Africa,Mauritius,4.51,4.40,4.5,3.5,2.0,2.0,3.0,4.0,8.0,3.5,5.5,8.0,4.63,2.0,6.0,6.0,4.5,5.67,6.0,6.0,6.5,6.0,5.5,5.5,5.5,3.5,7.0,5.5,5.0,6.0,sids
Americas,Central America,Mexico,7.56,8.00,7.5,8.5,8.0,7.5,7.0,7.5,8.0,9.0,8.0,9.0,7.13,9.0,9.0,7.0,3.5,4.46,3.0,4.0,7.0,6.0,4.0,5.0,3.0,4.0,5.0,3.5,4.0,5.0,non_sids
Oceania,Micronesia,Micronesia (Federated States of),3.30,2.85,5.0,3.0,1.5,1.0,6.5,1.0,1.0,3.0,3.5,3.0,3.75,1.0,5.5,3.0,5.5,5.33,6.5,5.0,5.5,5.5,5.5,6.0,6.0,4.0,4.0,4.5,5.5,6.0,sids
Europe,Central & Eastern Europe,Moldova,4.45,3.90,7.5,4.0,5.0,2.5,2.0,3.0,3.0,2.5,4.5,5.0,5.00,4.0,4.0,7.0,5.0,3.71,3.5,3.5,4.5,5.0,3.0,3.5,2.0,3.5,4.0,5.0,3.0,4.0,non_sids
Europe,Southern Europe,Monaco,2.43,1.60,1.5,1.0,1.5,1.0,1.0,1.5,2.0,2.0,2.5,2.0,3.25,1.0,3.0,3.5,5.5,5.38,3.5,4.0,5.0,6.0,8.0,7.0,6.0,4.5,4.0,8.0,4.5,4.0,non_sids
Asia,Eastern Asia,Mongolia,4.01,3.90,4.5,3.0,3.5,5.5,4.5,4.0,2.0,2.0,4.0,6.0,4.13,2.0,4.5,4.5,5.5,5.08,5.0,5.0,6.0,6.5,4.0,5.0,5.0,4.0,3.5,4.0,6.5,6.5,non_sids
Europe,Central & Eastern Europe,Montenegro,6.00,5.00,4.5,5.5,6.0,3.0,4.5,3.5,5.5,7.5,5.5,4.5,7.00,7.5,7.0,7.5,6.0,4.46,3.5,4.0,5.5,5.0,4.5,3.5,5.0,5.0,4.0,4.0,5.0,4.5,non_sids
Africa,North Africa,Morocco,4.79,4.95,5.5,6.5,3.0,3.0,4.5,3.0,3.0,6.0,9.0,6.0,4.63,1.0,6.5,7.0,4.0,4.63,4.5,3.5,6.0,6.0,4.0,5.5,6.0,3.5,4.5,4.5,4.0,3.5,non_sids
Africa,Southern Africa,Mozambique,6.53,6.05,4.0,5.0,5.5,8.0,8.0,8.0,7.5,3.5,4.0,7.0,7.00,3.5,8.0,9.0,7.5,3.29,3.0,3.5,5.0,5.5,2.0,2.0,3.5,3.0,4.0,3.0,2.0,3.0,sids
Asia,South-Eastern Asia,Myanmar,7.59,7.05,6.5,7.5,8.0,7.0,8.0,6.5,9.5,3.5,4.5,9.5,8.13,9.0,7.5,8.5,7.5,3.42,3.0,3.0,5.0,4.5,3.5,4.0,3.0,3.0,3.0,2.0,3.0,4.0,non_sids
Africa,Southern Africa,Namibia,4.33,3.90,3.5,2.5,3.0,6.5,4.5,4.0,3.0,4.5,3.0,4.5,4.75,3.0,5.0,5.0,6.0,4.96,5.0,5.0,7.0,6.5,4.5,4.5,3.5,4.5,5.0,4.0,4.0,6.0,non_sids
Oceania,Micronesia,Nauru,1.76,1.65,1.5,2.5,1.0,1.0,3.0,3.5,1.0,1.0,1.0,1.0,1.88,1.0,1.0,3.5,2.0,4.67,5.0,4.5,6.0,6.5,6.0,5.5,7.5,6.0,4.0,2.0,1.0,2.0,non_sids
Asia,Southern Asia,Nepal,6.16,5.70,7.0,6.5,6.0,7.0,7.0,6.5,4.5,3.5,5.0,4.0,6.63,4.5,6.5,8.5,7.0,3.71,2.5,2.0,4.5,3.5,3.0,4.5,4.0,3.0,4.5,4.5,3.5,5.0,non_sids
Europe,Western Europe,Netherlands,4.69,5.00,5.5,4.5,5.0,3.0,4.0,4.0,4.0,7.0,5.5,7.5,4.38,4.5,6.0,2.5,4.5,7.42,7.5,8.0,8.0,7.5,7.5,7.5,6.0,6.5,6.5,8.0,8.0,8.0,non_sids
Oceania,Australia and New Zealand,New Zealand,3.25,3.25,3.5,3.5,3.0,2.0,3.5,1.5,3.0,3.0,4.0,5.5,3.25,4.5,3.5,1.5,3.5,8.38,8.5,8.5,8.5,8.5,8.0,8.5,8.5,8.0,8.5,8.5,8.0,8.5,non_sids
Americas,Central America,Nicaragua,6.06,5.50,6.0,5.5,6.0,6.0,6.0,6.0,2.5,7.5,6.0,3.5,6.63,5.0,6.5,9.0,6.0,2.46,2.0,1.0,2.5,3.5,2.5,3.0,2.5,3.0,2.0,2.0,3.5,2.0,non_sids
Africa,West Africa,Niger,6.01,5.90,7.0,7.0,8.0,2.0,4.5,7.5,3.0,6.0,7.0,7.0,6.13,4.0,7.0,8.5,5.0,3.21,3.5,2.5,5.5,4.0,2.5,4.0,4.0,3.0,3.0,2.0,2.0,2.5,non_sids
Africa,West Africa,Nigeria,7.15,7.05,7.5,6.0,8.0,6.0,6.5,8.0,6.0,6.5,8.0,8.0,7.25,5.5,9.0,7.5,7.0,5.50,5.5,5.0,7.0,7.0,4.5,4.5,4.5,5.0,6.5,5.0,5.0,6.5,non_sids
Asia,Eastern Asia,"Korea, DPR",4.78,5.30,8.0,6.5,9.0,1.0,3.0,7.0,3.5,2.0,6.0,7.0,4.25,1.0,2.0,10.0,4.0,1.96,3.5,1.0,2.0,2.0,1.5,1.5,6.0,1.0,1.5,1.0,1.0,1.5,non_sids
Europe,Central & Eastern Europe,North Macedonia,5.31,5.00,5.5,6.5,4.5,4.0,3.5,3.0,6.5,5.0,6.0,5.5,5.63,4.0,6.5,6.0,6.0,5.21,5.0,4.5,6.0,5.0,5.0,5.0,6.0,5.5,4.5,5.0,5.0,6.0,non_sids
Europe,Northern Europe,Norway,3.81,4.00,5.0,3.5,3.5,2.5,4.0,3.5,5.0,4.5,4.0,4.5,3.63,4.5,4.0,2.0,4.0,7.92,8.0,8.5,9.0,8.5,8.0,8.5,8.0,7.0,7.5,7.5,7.0,7.5,non_sids
Asia,Western Asia,Oman,4.14,4.90,6.0,4.0,5.0,5.0,5.0,5.5,5.0,3.0,4.5,6.0,3.38,1.0,5.0,4.0,3.5,5.25,4.5,4.5,6.5,6.5,5.5,7.5,5.5,5.0,4.5,4.0,4.0,5.0,non_sids
Asia,Southern Asia,Pakistan,6.28,6.30,8.0,7.0,8.0,4.5,5.0,5.5,8.5,3.0,7.0,6.5,6.25,6.0,7.5,7.0,4.5,4.00,3.5,3.5,5.0,5.0,3.0,4.0,4.0,4.0,4.0,3.5,4.0,4.5,non_sids
Oceania,Micronesia,Palau,2.94,3.00,4.0,3.0,1.5,1.0,6.5,1.5,1.5,3.0,3.0,5.0,2.88,1.0,4.0,2.0,4.5,4.54,6.5,5.5,6.0,5.5,3.0,5.0,4.0,4.5,4.0,2.0,4.0,4.5,sids
Americas,Central America,Panama,6.68,6.35,8.0,5.5,6.5,6.0,8.0,6.0,5.0,8.5,5.0,5.0,7.00,7.5,7.0,7.5,6.0,4.83,4.5,4.0,6.0,6.0,3.0,4.5,6.0,4.5,6.0,4.0,4.0,5.5,non_sids
Oceania,Melanesia,Papua New Guinea,5.44,5.00,7.0,4.0,5.5,8.0,5.0,5.5,1.0,4.0,5.5,4.5,5.88,1.0,8.0,8.0,6.5,3.42,3.0,2.0,4.5,5.0,4.5,3.0,3.0,4.5,3.0,3.0,2.5,3.0,sids
Americas,South America,Paraguay,6.70,5.90,7.0,6.0,8.5,6.0,6.5,3.5,1.0,7.0,9.0,4.5,7.50,6.0,7.5,8.0,8.5,3.38,2.0,3.0,5.0,3.0,3.0,3.0,5.0,2.5,4.0,2.0,3.0,5.0,non_sids
Americas,South America,Peru,6.35,6.20,7.0,6.0,5.5,7.0,5.5,9.0,3.5,9.0,5.5,4.0,6.50,6.0,8.0,7.0,5.0,4.58,3.0,5.5,5.0,6.0,6.0,5.0,5.0,4.5,4.0,3.5,3.0,4.5,non_sids
Asia,South-Eastern Asia,Philippines,6.84,6.30,7.0,5.0,7.5,7.0,7.5,8.0,4.0,3.5,4.5,9.0,7.38,8.0,6.0,8.0,7.5,4.13,3.0,3.0,5.0,5.0,4.5,2.0,4.0,5.0,6.0,5.0,4.0,3.0,non_sids
Europe,Central & Eastern Europe,Poland,4.01,4.40,5.5,4.5,3.5,2.0,2.5,5.5,4.0,4.5,5.5,6.5,3.63,2.0,5.5,3.5,3.5,6.13,5.5,4.0,7.0,7.0,5.5,6.5,7.5,7.0,7.5,5.0,6.0,5.0,non_sids
Europe,Southern Europe,Portugal,4.55,4.10,4.5,4.0,4.0,3.5,3.5,3.0,4.5,5.0,4.5,4.5,5.00,4.5,6.0,4.5,5.0,6.46,7.0,5.5,7.5,7.0,5.5,7.5,6.0,6.5,5.5,7.0,5.5,7.0,non_sids
Asia,Western Asia,Qatar,5.21,5.80,8.0,6.0,6.5,5.0,6.5,5.0,4.5,4.0,6.0,6.5,4.63,1.0,6.0,6.0,5.5,5.58,5.0,5.5,5.5,5.0,5.0,5.5,7.0,6.0,6.0,6.0,6.0,4.5,non_sids
Europe,Central & Eastern Europe,Romania,4.59,5.05,6.5,5.5,3.5,6.0,5.0,4.0,5.5,5.5,4.5,4.5,4.13,4.0,5.0,3.5,4.0,5.58,5.5,5.5,6.5,6.0,6.0,5.5,6.5,5.5,5.0,5.0,5.0,5.0,non_sids
Europe,Central & Eastern Europe,Russia,6.24,6.10,6.5,6.0,4.5,7.5,7.5,5.0,7.0,4.5,5.0,7.5,6.38,4.5,7.5,8.5,5.0,4.04,4.0,3.0,4.5,5.5,4.0,4.5,5.5,4.0,4.0,2.5,3.5,3.5,non_sids
Africa,Central Africa,Rwanda,3.68,4.10,5.0,2.5,5.0,3.0,5.0,8.0,3.0,2.5,4.0,3.0,3.25,1.0,3.0,5.0,4.0,5.50,5.5,5.5,5.0,6.0,5.0,7.0,6.0,6.0,6.0,5.5,5.0,3.5,non_sids
Oceania,Polynesia,Samoa,2.04,2.45,3.5,2.0,3.0,1.5,2.0,2.0,1.0,2.5,4.5,2.5,1.63,1.0,2.0,1.5,2.0,5.67,4.5,5.0,5.0,6.5,6.0,6.5,7.5,6.0,3.0,5.0,6.0,7.0,sids
Europe,Southern Europe,San Marino,3.01,1.90,2.0,1.5,3.0,1.0,1.0,1.5,2.0,3.5,2.5,1.0,4.13,2.0,4.0,4.5,6.0,5.13,4.0,4.0,5.5,5.5,6.5,5.0,6.0,4.0,5.5,5.5,4.5,5.5,non_sids
Africa,Central Africa,São Tomé and Príncipe,1.78,1.80,1.5,1.5,2.0,2.5,2.0,1.0,2.0,2.0,2.5,1.0,1.75,1.0,2.0,2.0,2.0,4.92,6.0,5.0,7.0,7.0,6.0,5.0,5.0,3.0,3.0,4.0,3.0,5.0,sids
Asia,Western Asia,Saudi Arabia,6.01,6.90,8.5,7.5,8.0,5.0,7.0,7.0,6.5,5.5,6.5,7.5,5.13,3.0,6.5,8.0,3.0,4.29,3.0,3.5,5.0,4.5,3.0,4.5,5.0,5.5,5.0,4.5,5.0,3.0,non_sids
Africa,West Africa,Senegal,4.81,5.00,5.0,5.0,4.5,7.5,7.0,3.5,2.5,6.5,6.0,2.5,4.63,2.5,5.5,4.5,6.0,5.58,5.5,4.0,6.0,6.5,5.0,6.0,6.5,5.0,5.5,5.0,5.0,7.0,non_sids
Europe,Central & Eastern Europe,Serbia,6.21,5.55,5.0,6.5,7.5,4.0,4.0,4.0,7.0,5.5,6.0,6.0,6.88,6.0,7.0,8.0,6.5,4.92,4.5,4.0,6.0,5.0,5.0,5.0,6.0,5.5,5.0,4.0,5.5,3.5,non_sids
Africa,Southern Africa,Seychelles,3.68,3.60,4.0,3.5,3.5,4.0,4.0,1.0,7.5,3.0,3.0,2.5,3.75,2.0,4.5,4.5,4.0,4.58,5.0,5.0,6.0,5.5,6.0,4.0,4.5,3.0,3.0,4.0,5.0,4.0,sids
Africa,West Africa,Sierra Leone,5.40,5.05,5.0,4.0,3.5,6.5,6.5,6.5,2.0,4.5,7.0,5.0,5.75,3.5,5.5,7.0,7.0,3.46,3.5,3.5,4.0,2.5,2.0,4.0,4.0,3.5,3.0,2.5,4.0,5.0,non_sids
Asia,South-Eastern Asia,Singapore,3.13,3.25,5.5,2.5,2.0,2.0,5.0,1.5,4.0,3.0,2.0,5.0,3.00,3.0,3.5,1.5,4.0,7.71,7.5,7.5,9.0,8.5,9.0,9.0,8.0,7.0,8.0,7.0,9.0,3.0,non_sids
Europe,Central & Eastern Europe,Slovakia,4.69,4.25,5.5,3.5,4.5,3.5,3.0,3.0,4.5,4.5,5.0,5.5,5.13,3.0,6.0,6.5,5.0,5.38,5.5,5.0,7.0,6.5,5.0,5.5,6.0,5.0,4.5,4.5,5.0,5.0,non_sids
Europe,Central & Eastern Europe,Slovenia,4.29,3.95,4.0,5.5,3.5,2.0,3.0,2.5,4.0,4.5,5.0,5.5,4.63,3.0,4.5,6.0,5.0,6.08,6.0,5.0,6.5,6.5,6.0,6.0,7.5,6.5,5.0,6.0,6.0,6.0,non_sids
Oceania,Melanesia,Solomon Islands,4.15,3.55,4.0,2.0,3.0,8.0,7.5,2.5,1.0,2.5,3.5,1.5,4.75,1.0,4.5,7.0,6.5,5.21,5.0,4.5,5.5,4.5,5.5,6.0,5.0,5.0,5.0,4.5,6.5,5.5,sids
Africa,East Africa,Somalia,5.79,4.45,8.0,7.5,8.5,6.0,4.5,2.0,2.0,2.0,2.0,2.0,7.13,9.5,7.5,7.0,4.5,1.67,1.0,1.0,2.0,2.0,2.0,1.5,1.5,2.5,1.5,1.0,1.5,2.5,non_sids
Africa,Southern Africa,South Africa,6.63,6.00,4.5,4.0,8.0,3.5,7.5,7.5,7.5,5.5,3.5,8.5,7.25,7.0,7.0,7.5,7.5,5.79,6.0,5.5,6.5,6.5,6.0,5.0,6.0,6.0,6.0,4.0,5.0,7.0,non_sids
Asia,Eastern Asia,"Korea, Rep.",4.91,3.95,6.0,4.5,3.5,4.0,4.5,2.0,3.5,3.5,3.0,5.0,5.88,6.5,6.0,4.5,6.5,7.54,8.0,7.0,8.0,8.0,8.5,8.0,7.0,7.0,6.5,6.5,8.0,8.0,non_sids
Africa,East Africa,South Sudan,6.34,5.30,8.5,5.5,8.0,7.5,7.0,8.0,2.0,1.5,4.0,1.0,7.38,4.5,8.0,9.0,8.0,1.83,2.0,1.0,2.0,3.0,2.0,2.0,1.5,1.5,2.5,1.0,1.5,2.0,non_sids
Europe,Southern Europe,Spain,5.78,5.30,7.0,7.0,4.0,3.5,5.0,2.0,6.5,7.0,7.0,4.0,6.25,6.0,6.5,5.0,7.5,6.63,6.0,6.0,8.0,8.0,7.0,8.0,5.5,6.5,6.0,6.5,5.0,7.0,non_sids
Asia,Southern Asia,Sri Lanka,4.64,4.65,5.5,6.0,5.0,3.0,4.5,3.0,6.0,3.0,5.5,5.0,4.63,4.0,5.0,7.0,2.5,4.04,4.0,3.5,5.5,5.5,3.5,3.5,4.0,5.0,5.0,3.0,2.5,3.5,non_sids
Americas,Caribbean,St. Kitts and Nevis,4.10,3.20,3.0,2.5,5.0,1.5,2.0,2.0,1.0,7.0,7.0,1.0,5.00,1.0,6.5,6.5,6.0,5.00,6.0,5.0,6.0,6.5,7.0,4.5,6.0,5.5,2.0,2.5,4.0,5.0,sids
Americas,Caribbean,St. Lucia,4.09,3.05,4.0,1.5,5.0,2.0,1.0,1.0,1.0,7.0,7.0,1.0,5.13,5.0,4.0,5.5,6.0,5.63,7.5,6.5,6.5,6.5,6.0,4.5,5.5,4.0,5.5,5.0,6.0,4.0,sids
Americas,Caribbean,St. Vincent and the Grenadines,3.30,2.85,2.5,1.0,4.0,1.0,2.0,1.0,1.0,7.5,7.5,1.0,3.75,2.0,5.0,2.0,6.0,5.46,6.0,6.0,6.0,6.5,6.0,4.5,6.0,5.5,4.0,3.0,6.0,6.0,sids
Africa,East Africa,Sudan,6.46,5.55,8.0,7.5,8.5,1.5,5.5,7.5,2.0,2.5,8.0,4.5,7.38,6.5,7.5,8.0,7.5,2.96,3.0,2.0,5.0,4.5,3.5,3.5,2.5,4.0,2.5,1.0,2.0,2.0,non_sids
Americas,South America,Suriname,4.90,4.55,4.0,4.0,5.5,5.0,3.5,9.0,1.5,8.5,2.5,2.0,5.25,2.5,5.0,8.0,5.5,2.25,3.0,2.0,3.0,2.0,2.0,2.0,2.0,1.0,1.5,2.0,2.5,4.0,sids
Europe,Northern Europe,Sweden,4.56,4.25,4.5,5.5,6.0,2.0,3.5,2.0,4.0,4.5,5.0,5.5,4.88,5.5,5.5,2.5,6.0,7.46,7.0,9.0,8.5,7.0,7.0,6.5,8.0,7.5,7.5,6.0,7.0,8.5,non_sids
Europe,Western Europe,Switzerland,4.34,4.30,5.0,3.0,6.5,1.5,3.0,7.0,2.5,5.5,5.5,3.5,4.38,4.5,4.0,1.5,7.5,7.13,9.0,6.5,7.5,6.5,7.0,7.5,8.5,5.0,6.0,8.0,6.0,8.0,non_sids
Asia,Western Asia,Syria,6.84,6.05,8.5,8.5,9.0,1.5,3.5,7.0,3.0,2.5,7.5,9.5,7.63,4.5,9.0,10.0,7.0,1.88,2.0,1.0,3.0,2.0,1.5,2.0,1.5,2.0,2.5,2.0,2.0,1.0,non_sids
Asia,Central Asia and the Caucasus,Tajikistan,5.61,5.10,6.5,6.0,4.0,2.5,3.5,7.0,8.5,2.0,6.0,5.0,6.13,5.5,5.0,9.0,5.0,2.67,3.0,2.0,3.0,2.0,3.0,3.0,2.5,3.5,3.0,2.0,3.0,2.0,non_sids
Africa,East Africa,Tanzania,6.15,6.55,6.5,6.5,5.5,7.5,8.0,6.5,7.5,5.0,7.0,5.5,5.75,3.0,7.0,7.0,6.0,4.04,5.5,2.0,4.0,5.5,5.0,4.0,4.5,5.5,5.0,3.0,3.0,1.5,non_sids
Asia,South-Eastern Asia,Thailand,5.76,6.40,6.5,7.0,5.5,6.5,8.0,6.0,7.5,4.0,5.0,8.0,5.13,1.5,5.0,6.5,7.5,4.67,5.0,4.5,6.0,5.5,4.0,5.0,4.0,4.5,4.5,4.5,5.0,3.5,non_sids
Asia,South-Eastern Asia,Timor-Leste,3.96,3.55,4.0,5.0,4.0,3.0,5.0,2.0,2.5,2.5,3.5,4.0,4.38,5.0,4.0,4.5,4.0,3.67,3.0,3.0,3.5,4.5,4.0,4.5,3.0,4.0,3.0,3.5,3.5,4.5,sids
Africa,West Africa,Togo,5.33,4.90,6.0,3.5,4.0,5.0,6.0,6.0,3.0,5.0,6.5,4.0,5.75,1.0,7.0,7.5,7.5,4.00,3.0,3.0,5.5,4.5,3.5,4.0,4.0,3.0,4.5,4.5,4.0,4.5,non_sids
Oceania,Polynesia,Tonga,3.78,3.30,3.5,1.0,5.0,1.0,3.5,2.0,1.5,4.0,5.0,6.5,4.25,1.0,4.5,5.0,6.5,5.21,5.0,5.5,6.5,6.0,4.0,5.0,5.5,5.0,5.0,5.0,4.0,6.0,sids
Americas,Caribbean,Trinidad and Tobago,4.94,4.25,6.0,4.0,6.0,1.0,2.0,2.0,3.0,7.5,7.0,4.0,5.63,6.0,5.0,5.0,6.5,5.21,5.0,5.0,6.5,7.0,3.5,5.5,5.0,6.0,4.0,5.0,5.0,5.0,sids
Africa,North Africa,Tunisia,3.79,4.20,4.0,7.0,5.0,3.5,3.5,5.0,2.0,3.0,5.0,4.0,3.38,1.0,4.0,5.5,3.0,4.83,4.5,5.0,5.0,6.5,4.5,4.5,5.5,5.5,4.0,4.5,3.0,5.5,non_sids
Asia,Western Asia,Turkey,6.89,6.40,7.0,9.0,9.0,4.0,3.0,9.5,8.0,4.0,5.0,5.5,7.38,8.0,7.5,9.0,5.0,3.54,3.0,3.0,3.5,4.5,2.0,3.0,6.5,2.0,4.0,4.0,3.5,3.5,non_sids
Asia,Central Asia and the Caucasus,Turkmenistan,4.61,4.35,8.5,5.0,2.0,2.0,3.0,7.0,6.5,1.5,4.0,4.0,4.88,3.0,3.5,8.5,4.5,2.17,2.0,1.5,1.5,2.5,2.0,2.0,2.0,3.5,2.0,2.0,2.0,3.0,non_sids
Oceania,Polynesia,Tuvalu,1.54,1.70,1.5,1.0,1.0,1.0,5.0,1.0,1.0,1.5,2.5,1.5,1.38,1.0,1.0,1.5,2.0,6.04,5.5,5.5,5.0,6.5,8.0,7.0,6.5,6.0,6.0,4.5,5.0,7.0,sids
Africa,East Africa,Uganda,6.14,5.65,7.0,5.0,6.5,6.0,6.5,7.0,5.0,3.5,6.0,4.0,6.63,5.0,7.0,7.5,7.0,3.96,5.0,2.0,5.0,5.0,4.0,4.0,5.5,3.0,3.5,2.0,4.0,4.5,non_sids
Europe,Central & Eastern Europe,Ukraine,6.18,5.60,7.0,6.5,8.0,6.5,4.0,7.0,5.0,3.5,5.0,3.5,6.75,6.0,7.0,8.0,6.0,4.00,3.5,4.0,5.5,4.0,4.5,3.5,2.0,4.0,4.5,3.5,4.0,5.0,non_sids
Asia,Western Asia,United Arab Emirates,5.75,6.75,8.5,6.5,6.5,5.5,7.5,6.0,7.0,6.0,6.5,7.5,4.75,1.0,6.0,6.0,6.0,5.33,5.5,5.0,5.5,5.5,5.5,6.0,5.5,4.0,5.5,6.5,6.5,3.0,non_sids
Europe,Western Europe,United Kingdom,4.89,4.40,6.0,5.0,3.5,2.5,4.0,2.0,4.5,6.5,4.5,5.5,5.38,4.0,6.5,3.0,8.0,7.88,8.0,7.5,8.0,8.5,8.5,7.5,8.5,6.5,7.5,7.5,7.5,9.0,non_sids
Americas,North America,United States,5.50,5.50,5.5,4.5,6.5,2.5,5.5,4.5,6.5,7.0,5.0,7.5,5.50,5.0,6.5,5.0,5.5,6.58,4.5,5.5,7.0,6.5,6.0,8.0,6.5,6.5,8.0,7.0,6.0,7.5,non_sids
Americas,South America,Uruguay,2.69,2.75,3.0,2.0,2.5,1.0,3.5,1.0,2.0,5.0,4.0,3.5,2.63,1.5,4.5,2.0,2.5,7.75,8.0,9.0,9.0,7.0,7.0,8.0,7.0,7.0,8.0,7.5,7.0,8.5,non_sids
Asia,Central Asia and the Caucasus,Uzbekistan,4.96,4.55,7.5,6.0,3.0,3.0,3.5,6.5,6.5,1.5,4.0,4.0,5.38,5.0,4.5,7.0,5.0,3.79,3.0,3.0,4.0,4.0,3.0,3.5,4.5,3.5,4.5,4.0,5.0,3.5,non_sids
Oceania,Melanesia,Vanuatu,2.20,2.40,2.5,1.5,1.5,3.0,5.5,1.5,1.5,2.0,3.0,2.0,2.00,1.0,1.0,2.5,3.5,5.33,5.0,6.0,6.0,6.5,7.0,6.5,5.0,4.0,3.5,5.0,3.5,6.0,sids
Americas,South America,Venezuela,6.64,5.65,7.5,7.5,8.0,2.5,2.5,9.0,2.0,9.0,7.0,1.5,7.63,9.5,5.0,9.0,7.0,1.92,2.0,1.5,1.5,2.0,1.5,1.5,3.5,1.5,1.0,1.0,2.0,4.0,non_sids
Asia,South-Eastern Asia,Vietnam,6.28,6.05,6.5,7.0,4.0,6.5,8.5,6.0,7.0,4.0,4.5,6.5,6.50,6.0,7.0,7.0,6.0,4.67,5.0,4.5,5.5,5.5,4.0,4.5,5.0,5.5,5.0,5.0,4.5,2.0,non_sids
Asia,Western Asia,Yemen,6.13,5.00,8.5,7.5,9.0,2.5,4.0,7.0,2.5,2.0,3.0,4.0,7.25,8.0,7.0,6.0,8.0,2.00,2.0,2.0,3.0,2.0,1.5,2.0,2.0,2.0,2.5,1.0,2.0,2.0,non_sids
Africa,Southern Africa,Zambia,4.93,4.60,5.0,3.0,4.0,8.0,4.5,5.5,4.0,3.0,5.0,4.0,5.25,3.0,5.0,6.0,7.0,4.33,4.0,3.0,5.0,6.5,5.0,4.0,3.5,5.0,5.0,3.0,3.0,5.0,non_sids
Africa,Southern Africa,Zimbabwe,5.66,5.20,5.5,3.5,4.0,5.5,7.5,8.0,4.0,3.0,6.0,5.0,6.13,3.5,7.5,8.0,5.5,3.17,2.0,3.0,3.0,3.0,3.0,3.0,5.0,4.0,3.0,2.0,3.0,4.0,non_sids